v6211_m,cross module
v6216_m,cross module
v08977_m,cross module
v08985_m,cross module
v08986_m,cross module
v08987_m,cross module
v08988_m,cross module
v08989_m,cross module
v08990_m,cross module
v08991_m,cross module
v08992_m,cross module
v08993_m,cross module
v08994_m,cross module
v08995_m,cross module
v08999_m,cross module
v09000_m,cross module
v09001_m,cross module
v09002_m,cross module
v09003_m,cross module
v09004_m,cross module
v09005_m,cross module
v09006_m,cross module
v09007_m,cross module
v09008_m,cross module
v09009_m,cross module
v09010_m,cross module
v09011_m,cross module
v09012_m,cross module
v09013_m,cross module
v09014_m,cross module
v09015_m,cross module
v08996_m,cross module
v08997_m,cross module
v08998_m,cross module
v09031_m,cross module
v09032_m,cross module
v09033_m,cross module
v09034_m,cross module
v09035_m,cross module
v09016_m,cross module
v09017_m,cross module
v09018_m,cross module
v09019_m,cross module
v09020_m,cross module
v09021_m,cross module
v09022_m,cross module
v09023_m,cross module
v09024_m,cross module
v09025_m,cross module
v09026_m,cross module
v09027_m,cross module
v09028_m,cross module
v09029_m,cross module
v09030_m,cross module
v09036_m,cross module
v09037_m,cross module
v09039_m,cross module
v09040_m,cross module
v09041_m,cross module
v09042_m,cross module
v09043_m,cross module
v09044_m,cross module
v09045_m,cross module
v09046_m,cross module
v09047_m,cross module
v09048_m,cross module
v09049_m,cross module
v09058_m,cross module
