v12304_m,cross module
v12411_m,cross module
v12412_m,cross module
v12413_m,cross module
v12414_m,cross module
v12415_m,cross module
v12416_m,cross module
v12417_m,cross module
v12418_m,cross module
v12419_m,cross module
v12420_m,cross module
v12421_m,cross module
v12422_m,cross module
v12436_m,cross module
v12437_m,cross module
v12438_m,cross module
v12439_m,cross module
v12440_m,cross module
v12423_m,cross module
v12424_m,cross module
v12430_m,cross module
v12431_m,cross module
v12432_m,cross module
v12433_m,cross module
v12434_m,cross module
v12435_m,cross module
v12625_m,cross module
v12713_m,cross module
v12698_m,cross module
v12699_m,cross module
v12700_m,cross module
v12701_m,cross module
v12714_m,cross module
v12715_m,cross module
v12716_m,cross module
v12717_m,cross module
v12718_m,cross module
v12719_m,cross module
