v09270_m,cross module
v12460_m,cross module
v12461_m,cross module
v12462_m,cross module
v12463_m,cross module
v12464_m,cross module
v12465_m,cross module
v12466_m,cross module
v12467_m,cross module
v12468_m,cross module
v12469_m,cross module
v12470_m,cross module
v12471_m,cross module
v12472_m,cross module
v12473_m,cross module
v12474_m,cross module
v12475_m,cross module
v12476_m,cross module
v12477_m,cross module
v12478_m,cross module
v12479_m,cross module
v12480_m,cross module
v12481_m,cross module
v12482_m,cross module
v12483_m,cross module
v12541_m,cross module
v12542_m,cross module
v12535_m,cross module
