v1226_m,cross time
v1227_m,cross time
v1228_m,cross time
v1229_m,cross time
v1245_m,cross time
v1230_m,cross time
v1231_m,cross time
v1232_m,cross time
v1233_m,cross time
v1234_m,cross time
v1235_m,cross time
v1236_m,cross time
v1237_m,cross time
v1238_m,cross time
v1239_m,cross time
v1324_m,cross time
v1325_m,cross time
v1326_m,cross time
v1327_m,cross time
v1328_m,cross time
v1313_m,cross time
v1314_m,cross time
v1315_m,cross time
v1316_m,cross time
v1317_m,cross time
v1318_m,cross time
v1319_m,cross time
v1320_m,cross time
v1321_m,cross time
v1322_m,cross time
v1323_m,cross time
v2814_m,cross module
v2815_m,cross module
v2816_m,cross module
v2817_m,cross module
v2821_m,cross module
v2822_m,cross module
v2823_m,cross module
v2852_m,cross module
v2854_m,cross module
v2855_m,cross module
v2856_m,cross module
v2857_m,cross module
v2858_m,cross module
v2859_m,cross module
v2860_m,cross module
v2861_m,cross module
v2862_m,cross module
v2863_m,cross module
v6211_m,cross module
v08977_m,cross module
v08985_m,cross module
v08986_m,cross module
v08987_m,cross module
v08988_m,cross module
v08989_m,cross module
v08990_m,cross module
v08991_m,cross module
v08992_m,cross module
v08993_m,cross module
v08994_m,cross module
v08995_m,cross module
v08999_m,cross module
v09000_m,cross module
v09004_m,cross module
v09005_m,cross module
v09006_m,cross module
v09007_m,cross module
v09008_m,cross module
v09009_m,cross module
v09010_m,cross module
v09011_m,cross module
v09012_m,cross module
v09013_m,cross module
v09014_m,cross module
v09015_m,cross module
v08996_m,cross module
v08997_m,cross module
v08998_m,cross module
v09031_m,cross module
v09032_m,cross module
v09033_m,cross module
v09034_m,cross module
v09035_m,cross module
v09016_m,cross module
v09017_m,cross module
v09018_m,cross module
v09019_m,cross module
v09020_m,cross module
v09021_m,cross module
v09022_m,cross module
v09023_m,cross module
v09024_m,cross module
v09025_m,cross module
v09026_m,cross module
v09027_m,cross module
v09028_m,cross module
v09029_m,cross module
v09030_m,cross module
v09036_m,cross module
v09037_m,cross module
v09039_m,cross module
v09040_m,cross module
v09041_m,cross module
v09042_m,cross module
v09043_m,cross module
v09044_m,cross module
v09045_m,cross module
v09046_m,cross module
v09047_m,cross module
v09048_m,cross module
v09049_m,cross module
v09270_m,cross module
v10862_m,cross module
v10867_m,cross module
v12677_m,cross module
v2818_m,cross module
v2819_m,cross module
v2820_m,cross module
v2853_m,cross module
