v0655_m,cross module
v0656_m,cross module
v0709_m,cross module
v6258_m,cross module
v6259_m,cross module
v6188_m,cross module
v6189_m,cross module
v6201_m,cross module
v6203_m,cross module
v6204_m,cross module
v6202_m,cross module
v6200_m,cross module
v6191_m,cross module
v6190_m,cross module
v0686_m,cross module
v0687_m,cross module
v0688_m,cross module
v0689_m,cross module
v0691_m,cross module
v0692_m,cross module
v0693_m,cross module
v0694_m,cross module
v0696_m,cross module
v0695_m,cross module
v0697_m,cross module
v0698_m,cross module
v0708_m,cross module
v0710_m,cross module
v0711_m,cross module
v0681_m,cross module
v0680_m,cross module
v0682_m,cross module
v0490_m,can not build ast
v0491_m,can not build ast
v10664_m,can not build ast
v10666_m,can not build ast
v10668_m,can not build ast
v90314_m,can not build ast
v10669_m,can not build ast
